ISOControl,MeasureType,ConcreteMeasure,Tool,Source
"5.34 Privacy and protection of PII","Organisational Processes","Data protection impact assessment (DPIA)","OneTrust Assessment Automation","https://www.onetrust.com/products/assessment-automation/"
"5.34 Privacy and protection of PII","Organisational Processes","Data protection impact assessment (DPIA)","BigID Privacy Impact Assessment App","https://bigid.com/privacy-impact-assessment-app/"
"5.34 Privacy and protection of PII","Organisational Processes","Data protection impact assessment (DPIA)","European Commission guidance: When is a DPIA required?","https://commission.europa.eu/law/law-topic/data-protection/rules-business-and-organisations/obligations/when-data-protection-impact-assessment-dpia-required_en"
"5.34 Privacy and protection of PII","Organisational Processes","Compliance assessment","Securiti Data Privacy Management","https://securiti.ai/products/data-privacy/"
"5.34 Privacy and protection of PII","Organisational Processes","Compliance assessment","Collibra Data Privacy","https://www.collibra.com/products/data-privacy"
"5.34 Privacy and protection of PII","Organisational Processes","Compliance assessment","European Data Protection Board SME guide: Be compliant","https://www.edpb.europa.eu/sme-data-protection-guide/be-compliant_en"
"5.34 Privacy and protection of PII","Organisational Processes","Data lifecycle management","BigID Data Retention Management","https://bigid.com/retention/"
"5.34 Privacy and protection of PII","Organisational Processes","Data lifecycle management","Transcend Consumer Privacy Platform","https://transcend.io/solutions/consumer"
"5.34 Privacy and protection of PII","Organisational Processes","Data lifecycle management","Securiti Data Mapping Automation","https://securiti.ai/products/data-mapping/"
